<?xml version="1.0" encoding="UTF-8"?>
<project-private xmlns="http://www.netbeans.org/ns/project-private/1">
    <editor-bookmarks xmlns="http://www.netbeans.org/ns/editor-bookmarks/2" lastBookmarkId="0"/>
    <open-files xmlns="http://www.netbeans.org/ns/projectui-open-files/2">
        <group>
            <file>file:/C:/Users/jeremy/Documents/GitHub/FRC0399-Code-2014/FRC0399-2014-Code/src/org/team399/y2014/robot/Auton/ConditionalCommandTest.java</file>
            <file>file:/C:/Users/jeremy/Documents/GitHub/FRC0399-Code-2014/FRC0399-2014-Code/src/org/team399/y2014/robot/Commands/DriveDistanceCommand.java</file>
            <file>file:/C:/Users/jeremy/Documents/GitHub/FRC0399-Code-2014/FRC0399-2014-Code/src/org/team399/y2014/robot/Commands/ConditionalCommand.java</file>
            <file>file:/C:/Users/jeremy/Documents/GitHub/FRC0399-Code-2014/FRC0399-2014-Code/src/org/team399/y2014/robot/Commands/ArcadeDriveCommand.java</file>
        </group>
    </open-files>
</project-private>
